"filename", "language", "TypeScript", "JSON", "HTML", "JavaScript", "SCSS", "XML", "comment", "blank", "total"
"c:\Users\aymen\Documents\PFE\PFE_Caisse_Enregistreuse\Front\src\app\app-config.ts", "TypeScript", 10, 0, 0, 0, 0, 0, 0, 9, 19
"c:\Users\aymen\Documents\PFE\PFE_Caisse_Enregistreuse\Front\src\app\app-routing.module.ts", "TypeScript", 149, 0, 0, 0, 0, 0, 0, 41, 190
"c:\Users\aymen\Documents\PFE\PFE_Caisse_Enregistreuse\Front\src\app\app.component.html", "HTML", 0, 0, 1, 0, 0, 0, 0, 1, 2
"c:\Users\aymen\Documents\PFE\PFE_Caisse_Enregistreuse\Front\src\app\app.component.scss", "SCSS", 0, 0, 0, 0, 0, 0, 0, 1, 1
"c:\Users\aymen\Documents\PFE\PFE_Caisse_Enregistreuse\Front\src\app\app.component.ts", "TypeScript", 21, 0, 0, 0, 0, 0, 0, 5, 26
"c:\Users\aymen\Documents\PFE\PFE_Caisse_Enregistreuse\Front\src\app\app.module.ts", "TypeScript", 65, 0, 0, 0, 0, 0, 2, 7, 74
"c:\Users\aymen\Documents\PFE\PFE_Caisse_Enregistreuse\Front\src\app\demo\chart\apex-chart\apex-chart.component.html", "HTML", 0, 0, 82, 0, 0, 0, 0, 1, 83
"c:\Users\aymen\Documents\PFE\PFE_Caisse_Enregistreuse\Front\src\app\demo\chart\apex-chart\apex-chart.component.scss", "SCSS", 0, 0, 0, 0, 0, 0, 0, 1, 1
"c:\Users\aymen\Documents\PFE\PFE_Caisse_Enregistreuse\Front\src\app\demo\chart\apex-chart\apex-chart.component.ts", "TypeScript", 316, 0, 0, 0, 0, 0, 3, 7, 326
"c:\Users\aymen\Documents\PFE\PFE_Caisse_Enregistreuse\Front\src\app\demo\dashboard\dashboard.component.html", "HTML", 0, 0, 195, 0, 0, 0, 0, 1, 196
"c:\Users\aymen\Documents\PFE\PFE_Caisse_Enregistreuse\Front\src\app\demo\dashboard\dashboard.component.scss", "SCSS", 0, 0, 0, 0, 0, 0, 0, 1, 1
"c:\Users\aymen\Documents\PFE\PFE_Caisse_Enregistreuse\Front\src\app\demo\dashboard\dashboard.component.ts", "TypeScript", 355, 0, 0, 0, 0, 0, 4, 21, 380
"c:\Users\aymen\Documents\PFE\PFE_Caisse_Enregistreuse\Front\src\app\demo\extra\SoldProducts\service\soldservice.ts", "TypeScript", 140, 0, 0, 0, 0, 0, 6, 37, 183
"c:\Users\aymen\Documents\PFE\PFE_Caisse_Enregistreuse\Front\src\app\demo\extra\SoldProducts\sold-products\sold-products.component.html", "HTML", 0, 0, 90, 0, 0, 0, 0, 16, 106
"c:\Users\aymen\Documents\PFE\PFE_Caisse_Enregistreuse\Front\src\app\demo\extra\SoldProducts\sold-products\sold-products.component.scss", "SCSS", 0, 0, 0, 0, 26, 0, 13, 12, 51
"c:\Users\aymen\Documents\PFE\PFE_Caisse_Enregistreuse\Front\src\app\demo\extra\SoldProducts\sold-products\sold-products.component.spec.ts", "TypeScript", 18, 0, 0, 0, 0, 0, 0, 6, 24
"c:\Users\aymen\Documents\PFE\PFE_Caisse_Enregistreuse\Front\src\app\demo\extra\SoldProducts\sold-products\sold-products.component.ts", "TypeScript", 175, 0, 0, 0, 0, 0, 24, 69, 268
"c:\Users\aymen\Documents\PFE\PFE_Caisse_Enregistreuse\Front\src\app\demo\extra\SoldProducts\soldproduct-form\soldproduct-form.component.html", "HTML", 0, 0, 112, 0, 0, 0, 3, 27, 142
"c:\Users\aymen\Documents\PFE\PFE_Caisse_Enregistreuse\Front\src\app\demo\extra\SoldProducts\soldproduct-form\soldproduct-form.component.scss", "SCSS", 0, 0, 0, 0, 68, 0, 1, 23, 92
"c:\Users\aymen\Documents\PFE\PFE_Caisse_Enregistreuse\Front\src\app\demo\extra\SoldProducts\soldproduct-form\soldproduct-form.component.spec.ts", "TypeScript", 18, 0, 0, 0, 0, 0, 0, 6, 24
"c:\Users\aymen\Documents\PFE\PFE_Caisse_Enregistreuse\Front\src\app\demo\extra\SoldProducts\soldproduct-form\soldproduct-form.component.ts", "TypeScript", 355, 0, 0, 0, 0, 0, 14, 137, 506
"c:\Users\aymen\Documents\PFE\PFE_Caisse_Enregistreuse\Front\src\app\demo\extra\Stock\service\models.ts", "TypeScript", 188, 0, 0, 0, 0, 0, 0, 42, 230
"c:\Users\aymen\Documents\PFE\PFE_Caisse_Enregistreuse\Front\src\app\demo\extra\Stock\service\stockService.ts", "TypeScript", 61, 0, 0, 0, 0, 0, 0, 19, 80
"c:\Users\aymen\Documents\PFE\PFE_Caisse_Enregistreuse\Front\src\app\demo\extra\Stock\stock-form\stock-form.component.html", "HTML", 0, 0, 50, 0, 0, 0, 4, 7, 61
"c:\Users\aymen\Documents\PFE\PFE_Caisse_Enregistreuse\Front\src\app\demo\extra\Stock\stock-form\stock-form.component.scss", "SCSS", 0, 0, 0, 0, 0, 0, 0, 1, 1
"c:\Users\aymen\Documents\PFE\PFE_Caisse_Enregistreuse\Front\src\app\demo\extra\Stock\stock-form\stock-form.component.spec.ts", "TypeScript", 18, 0, 0, 0, 0, 0, 0, 6, 24
"c:\Users\aymen\Documents\PFE\PFE_Caisse_Enregistreuse\Front\src\app\demo\extra\Stock\stock-form\stock-form.component.ts", "TypeScript", 135, 0, 0, 0, 0, 0, 3, 41, 179
"c:\Users\aymen\Documents\PFE\PFE_Caisse_Enregistreuse\Front\src\app\demo\extra\Stock\stock\stock.component.html", "HTML", 0, 0, 46, 0, 0, 0, 0, 7, 53
"c:\Users\aymen\Documents\PFE\PFE_Caisse_Enregistreuse\Front\src\app\demo\extra\Stock\stock\stock.component.scss", "SCSS", 0, 0, 0, 0, 30, 0, 13, 9, 52
"c:\Users\aymen\Documents\PFE\PFE_Caisse_Enregistreuse\Front\src\app\demo\extra\Stock\stock\stock.component.spec.ts", "TypeScript", 18, 0, 0, 0, 0, 0, 0, 6, 24
"c:\Users\aymen\Documents\PFE\PFE_Caisse_Enregistreuse\Front\src\app\demo\extra\Stock\stock\stock.component.ts", "TypeScript", 116, 0, 0, 0, 0, 0, 3, 43, 162
"c:\Users\aymen\Documents\PFE\PFE_Caisse_Enregistreuse\Front\src\app\demo\extra\cashiers\cashiers.component.html", "HTML", 0, 0, 74, 0, 0, 0, 0, 13, 87
"c:\Users\aymen\Documents\PFE\PFE_Caisse_Enregistreuse\Front\src\app\demo\extra\cashiers\cashiers.component.scss", "SCSS", 0, 0, 0, 0, 3, 0, 0, 1, 4
"c:\Users\aymen\Documents\PFE\PFE_Caisse_Enregistreuse\Front\src\app\demo\extra\cashiers\cashiers.component.spec.ts", "TypeScript", 18, 0, 0, 0, 0, 0, 0, 6, 24
"c:\Users\aymen\Documents\PFE\PFE_Caisse_Enregistreuse\Front\src\app\demo\extra\cashiers\cashiers.component.ts", "TypeScript", 123, 0, 0, 0, 0, 0, 3, 46, 172
"c:\Users\aymen\Documents\PFE\PFE_Caisse_Enregistreuse\Front\src\app\demo\extra\cashiers\userService.ts", "TypeScript", 94, 0, 0, 0, 0, 0, 2, 35, 131
"c:\Users\aymen\Documents\PFE\PFE_Caisse_Enregistreuse\Front\src\app\demo\extra\combo\combo-form\combo-form.component.html", "HTML", 0, 0, 75, 0, 0, 0, 18, 29, 122
"c:\Users\aymen\Documents\PFE\PFE_Caisse_Enregistreuse\Front\src\app\demo\extra\combo\combo-form\combo-form.component.scss", "SCSS", 0, 0, 0, 0, 43, 0, 0, 12, 55
"c:\Users\aymen\Documents\PFE\PFE_Caisse_Enregistreuse\Front\src\app\demo\extra\combo\combo-form\combo-form.component.spec.ts", "TypeScript", 18, 0, 0, 0, 0, 0, 0, 6, 24
"c:\Users\aymen\Documents\PFE\PFE_Caisse_Enregistreuse\Front\src\app\demo\extra\combo\combo-form\combo-form.component.ts", "TypeScript", 231, 0, 0, 0, 0, 0, 9, 75, 315
"c:\Users\aymen\Documents\PFE\PFE_Caisse_Enregistreuse\Front\src\app\demo\extra\combo\combo.component.html", "HTML", 0, 0, 97, 0, 0, 0, 0, 37, 134
"c:\Users\aymen\Documents\PFE\PFE_Caisse_Enregistreuse\Front\src\app\demo\extra\combo\combo.component.scss", "SCSS", 0, 0, 0, 0, 26, 0, 11, 9, 46
"c:\Users\aymen\Documents\PFE\PFE_Caisse_Enregistreuse\Front\src\app\demo\extra\combo\combo.component.spec.ts", "TypeScript", 18, 0, 0, 0, 0, 0, 0, 6, 24
"c:\Users\aymen\Documents\PFE\PFE_Caisse_Enregistreuse\Front\src\app\demo\extra\combo\combo.component.ts", "TypeScript", 166, 0, 0, 0, 0, 0, 8, 57, 231
"c:\Users\aymen\Documents\PFE\PFE_Caisse_Enregistreuse\Front\src\app\demo\extra\combo\comboService.ts", "TypeScript", 70, 0, 0, 0, 0, 0, 2, 26, 98
"c:\Users\aymen\Documents\PFE\PFE_Caisse_Enregistreuse\Front\src\app\demo\extra\discount\discount-form\discount-form.component.html", "HTML", 0, 0, 90, 0, 0, 0, 0, 36, 126
"c:\Users\aymen\Documents\PFE\PFE_Caisse_Enregistreuse\Front\src\app\demo\extra\discount\discount-form\discount-form.component.scss", "SCSS", 0, 0, 0, 0, 58, 0, 2, 20, 80
"c:\Users\aymen\Documents\PFE\PFE_Caisse_Enregistreuse\Front\src\app\demo\extra\discount\discount-form\discount-form.component.spec.ts", "TypeScript", 18, 0, 0, 0, 0, 0, 0, 6, 24
"c:\Users\aymen\Documents\PFE\PFE_Caisse_Enregistreuse\Front\src\app\demo\extra\discount\discount-form\discount-form.component.ts", "TypeScript", 250, 0, 0, 0, 0, 0, 3, 73, 326
"c:\Users\aymen\Documents\PFE\PFE_Caisse_Enregistreuse\Front\src\app\demo\extra\discount\discountService.ts", "TypeScript", 49, 0, 0, 0, 0, 0, 0, 24, 73
"c:\Users\aymen\Documents\PFE\PFE_Caisse_Enregistreuse\Front\src\app\demo\extra\discount\discounts\discounts.component.html", "HTML", 0, 0, 80, 0, 0, 0, 1, 17, 98
"c:\Users\aymen\Documents\PFE\PFE_Caisse_Enregistreuse\Front\src\app\demo\extra\discount\discounts\discounts.component.scss", "SCSS", 0, 0, 0, 0, 30, 0, 11, 10, 51
"c:\Users\aymen\Documents\PFE\PFE_Caisse_Enregistreuse\Front\src\app\demo\extra\discount\discounts\discounts.component.spec.ts", "TypeScript", 18, 0, 0, 0, 0, 0, 0, 6, 24
"c:\Users\aymen\Documents\PFE\PFE_Caisse_Enregistreuse\Front\src\app\demo\extra\discount\discounts\discounts.component.ts", "TypeScript", 129, 0, 0, 0, 0, 0, 15, 63, 207
"c:\Users\aymen\Documents\PFE\PFE_Caisse_Enregistreuse\Front\src\app\demo\extra\establishments\Service\EstablishmentService.ts", "TypeScript", 93, 0, 0, 0, 0, 0, 3, 41, 137
"c:\Users\aymen\Documents\PFE\PFE_Caisse_Enregistreuse\Front\src\app\demo\extra\establishments\Service\establishment.model.ts", "TypeScript", 20, 0, 0, 0, 0, 0, 0, 9, 29
"c:\Users\aymen\Documents\PFE\PFE_Caisse_Enregistreuse\Front\src\app\demo\extra\establishments\addestab\addestab.component.html", "HTML", 0, 0, 100, 0, 0, 0, 15, 29, 144
"c:\Users\aymen\Documents\PFE\PFE_Caisse_Enregistreuse\Front\src\app\demo\extra\establishments\addestab\addestab.component.scss", "SCSS", 0, 0, 0, 0, 16, 0, 0, 5, 21
"c:\Users\aymen\Documents\PFE\PFE_Caisse_Enregistreuse\Front\src\app\demo\extra\establishments\addestab\addestab.component.spec.ts", "TypeScript", 18, 0, 0, 0, 0, 0, 0, 6, 24
"c:\Users\aymen\Documents\PFE\PFE_Caisse_Enregistreuse\Front\src\app\demo\extra\establishments\addestab\addestab.component.ts", "TypeScript", 350, 0, 0, 0, 0, 0, 12, 93, 455
"c:\Users\aymen\Documents\PFE\PFE_Caisse_Enregistreuse\Front\src\app\demo\extra\establishments\establishments.component.html", "HTML", 0, 0, 52, 0, 0, 0, 2, 2, 56
"c:\Users\aymen\Documents\PFE\PFE_Caisse_Enregistreuse\Front\src\app\demo\extra\establishments\establishments.component.scss", "SCSS", 0, 0, 0, 0, 6, 0, 0, 3, 9
"c:\Users\aymen\Documents\PFE\PFE_Caisse_Enregistreuse\Front\src\app\demo\extra\establishments\establishments.component.spec.ts", "TypeScript", 18, 0, 0, 0, 0, 0, 0, 6, 24
"c:\Users\aymen\Documents\PFE\PFE_Caisse_Enregistreuse\Front\src\app\demo\extra\establishments\establishments.component.ts", "TypeScript", 148, 0, 0, 0, 0, 0, 8, 40, 196
"c:\Users\aymen\Documents\PFE\PFE_Caisse_Enregistreuse\Front\src\app\demo\extra\notificationService.ts", "TypeScript", 20, 0, 0, 0, 0, 0, 0, 9, 29
"c:\Users\aymen\Documents\PFE\PFE_Caisse_Enregistreuse\Front\src\app\demo\extra\payment\CanDeactivateGuard.ts", "TypeScript", 3, 0, 0, 0, 0, 0, 9, 1, 13
"c:\Users\aymen\Documents\PFE\PFE_Caisse_Enregistreuse\Front\src\app\demo\extra\payment\OrderGuard.ts", "TypeScript", 20, 0, 0, 0, 0, 0, 1, 4, 25
"c:\Users\aymen\Documents\PFE\PFE_Caisse_Enregistreuse\Front\src\app\demo\extra\payment\clients\clientService.ts", "TypeScript", 89, 0, 0, 0, 0, 0, 3, 37, 129
"c:\Users\aymen\Documents\PFE\PFE_Caisse_Enregistreuse\Front\src\app\demo\extra\payment\clients\clients.component.html", "HTML", 0, 0, 11, 0, 0, 0, 0, 5, 16
"c:\Users\aymen\Documents\PFE\PFE_Caisse_Enregistreuse\Front\src\app\demo\extra\payment\clients\clients.component.scss", "SCSS", 0, 0, 0, 0, 73, 0, 0, 18, 91
"c:\Users\aymen\Documents\PFE\PFE_Caisse_Enregistreuse\Front\src\app\demo\extra\payment\clients\clients.component.spec.ts", "TypeScript", 18, 0, 0, 0, 0, 0, 0, 6, 24
"c:\Users\aymen\Documents\PFE\PFE_Caisse_Enregistreuse\Front\src\app\demo\extra\payment\clients\clients.component.ts", "TypeScript", 160, 0, 0, 0, 0, 0, 1, 35, 196
"c:\Users\aymen\Documents\PFE\PFE_Caisse_Enregistreuse\Front\src\app\demo\extra\payment\orderService.ts", "TypeScript", 53, 0, 0, 0, 0, 0, 2, 28, 83
"c:\Users\aymen\Documents\PFE\PFE_Caisse_Enregistreuse\Front\src\app\demo\extra\payment\payment.component.html", "HTML", 0, 0, 52, 0, 0, 0, 1, 24, 77
"c:\Users\aymen\Documents\PFE\PFE_Caisse_Enregistreuse\Front\src\app\demo\extra\payment\payment.component.scss", "SCSS", 0, 0, 0, 0, 148, 0, 3, 39, 190
"c:\Users\aymen\Documents\PFE\PFE_Caisse_Enregistreuse\Front\src\app\demo\extra\payment\payment.component.spec.ts", "TypeScript", 18, 0, 0, 0, 0, 0, 0, 6, 24
"c:\Users\aymen\Documents\PFE\PFE_Caisse_Enregistreuse\Front\src\app\demo\extra\payment\payment.component.ts", "TypeScript", 303, 0, 0, 0, 0, 0, 10, 88, 401
"c:\Users\aymen\Documents\PFE\PFE_Caisse_Enregistreuse\Front\src\app\demo\extra\pos\itemService.ts", "TypeScript", 58, 0, 0, 0, 0, 0, 3, 26, 87
"c:\Users\aymen\Documents\PFE\PFE_Caisse_Enregistreuse\Front\src\app\demo\extra\pos\open-orders\open-orders.component.html", "HTML", 0, 0, 20, 0, 0, 0, 0, 1, 21
"c:\Users\aymen\Documents\PFE\PFE_Caisse_Enregistreuse\Front\src\app\demo\extra\pos\open-orders\open-orders.component.scss", "SCSS", 0, 0, 0, 0, 54, 0, 0, 11, 65
"c:\Users\aymen\Documents\PFE\PFE_Caisse_Enregistreuse\Front\src\app\demo\extra\pos\open-orders\open-orders.component.spec.ts", "TypeScript", 18, 0, 0, 0, 0, 0, 0, 6, 24
"c:\Users\aymen\Documents\PFE\PFE_Caisse_Enregistreuse\Front\src\app\demo\extra\pos\open-orders\open-orders.component.ts", "TypeScript", 60, 0, 0, 0, 0, 0, 0, 11, 71
"c:\Users\aymen\Documents\PFE\PFE_Caisse_Enregistreuse\Front\src\app\demo\extra\pos\pos.component.html", "HTML", 0, 0, 150, 0, 0, 0, 23, 27, 200
"c:\Users\aymen\Documents\PFE\PFE_Caisse_Enregistreuse\Front\src\app\demo\extra\pos\pos.component.scss", "SCSS", 0, 0, 0, 0, 278, 0, 73, 133, 484
"c:\Users\aymen\Documents\PFE\PFE_Caisse_Enregistreuse\Front\src\app\demo\extra\pos\pos.component.spec.ts", "TypeScript", 18, 0, 0, 0, 0, 0, 0, 6, 24
"c:\Users\aymen\Documents\PFE\PFE_Caisse_Enregistreuse\Front\src\app\demo\extra\pos\pos.component.ts", "TypeScript", 596, 0, 0, 0, 0, 0, 94, 183, 873
"c:\Users\aymen\Documents\PFE\PFE_Caisse_Enregistreuse\Front\src\app\demo\extra\sample-page\sample-page.component.html", "HTML", 0, 0, 12, 0, 0, 0, 0, 1, 13
"c:\Users\aymen\Documents\PFE\PFE_Caisse_Enregistreuse\Front\src\app\demo\extra\sample-page\sample-page.component.scss", "SCSS", 0, 0, 0, 0, 15, 0, 0, 4, 19
"c:\Users\aymen\Documents\PFE\PFE_Caisse_Enregistreuse\Front\src\app\demo\extra\sample-page\sample-page.component.ts", "TypeScript", 10, 0, 0, 0, 0, 0, 0, 2, 12
"c:\Users\aymen\Documents\PFE\PFE_Caisse_Enregistreuse\Front\src\app\demo\extra\session\SessionSelectionService.ts", "TypeScript", 82, 0, 0, 0, 0, 0, 0, 24, 106
"c:\Users\aymen\Documents\PFE\PFE_Caisse_Enregistreuse\Front\src\app\demo\extra\session\session.component.html", "HTML", 0, 0, 42, 0, 0, 0, 0, 11, 53
"c:\Users\aymen\Documents\PFE\PFE_Caisse_Enregistreuse\Front\src\app\demo\extra\session\session.component.scss", "SCSS", 0, 0, 0, 0, 51, 0, 2, 16, 69
"c:\Users\aymen\Documents\PFE\PFE_Caisse_Enregistreuse\Front\src\app\demo\extra\session\session.component.spec.ts", "TypeScript", 18, 0, 0, 0, 0, 0, 0, 6, 24
"c:\Users\aymen\Documents\PFE\PFE_Caisse_Enregistreuse\Front\src\app\demo\extra\session\session.component.ts", "TypeScript", 197, 0, 0, 0, 0, 0, 53, 40, 290
"c:\Users\aymen\Documents\PFE\PFE_Caisse_Enregistreuse\Front\src\app\demo\extra\session\sessionService.ts", "TypeScript", 62, 0, 0, 0, 0, 0, 12, 30, 104
"c:\Users\aymen\Documents\PFE\PFE_Caisse_Enregistreuse\Front\src\app\demo\extra\stats\WebsocketService.ts", "TypeScript", 71, 0, 0, 0, 0, 0, 9, 31, 111
"c:\Users\aymen\Documents\PFE\PFE_Caisse_Enregistreuse\Front\src\app\demo\extra\stats\stats.component.html", "HTML", 0, 0, 261, 0, 0, 0, 5, 86, 352
"c:\Users\aymen\Documents\PFE\PFE_Caisse_Enregistreuse\Front\src\app\demo\extra\stats\stats.component.scss", "SCSS", 0, 0, 0, 0, 156, 0, 11, 52, 219
"c:\Users\aymen\Documents\PFE\PFE_Caisse_Enregistreuse\Front\src\app\demo\extra\stats\stats.component.spec.ts", "TypeScript", 18, 0, 0, 0, 0, 0, 0, 6, 24
"c:\Users\aymen\Documents\PFE\PFE_Caisse_Enregistreuse\Front\src\app\demo\extra\stats\stats.component.ts", "TypeScript", 405, 0, 0, 0, 0, 0, 8, 106, 519
"c:\Users\aymen\Documents\PFE\PFE_Caisse_Enregistreuse\Front\src\app\demo\extra\stats\statsService.ts", "TypeScript", 128, 0, 0, 0, 0, 0, 2, 33, 163
"c:\Users\aymen\Documents\PFE\PFE_Caisse_Enregistreuse\Front\src\app\demo\pages\authentication\auth-signin\auth-signin.component.html", "HTML", 0, 0, 37, 0, 0, 0, 0, 1, 38
"c:\Users\aymen\Documents\PFE\PFE_Caisse_Enregistreuse\Front\src\app\demo\pages\authentication\auth-signin\auth-signin.component.scss", "SCSS", 0, 0, 0, 0, 0, 0, 0, 1, 1
"c:\Users\aymen\Documents\PFE\PFE_Caisse_Enregistreuse\Front\src\app\demo\pages\authentication\auth-signin\auth-signin.component.ts", "TypeScript", 29, 0, 0, 0, 0, 0, 0, 7, 36
"c:\Users\aymen\Documents\PFE\PFE_Caisse_Enregistreuse\Front\src\app\demo\pages\authentication\auth-signin\loginService.ts", "TypeScript", 167, 0, 0, 0, 0, 0, 18, 45, 230
"c:\Users\aymen\Documents\PFE\PFE_Caisse_Enregistreuse\Front\src\app\demo\pages\authentication\auth-signup\auth-signup.component.html", "HTML", 0, 0, 40, 0, 0, 0, 0, 1, 41
"c:\Users\aymen\Documents\PFE\PFE_Caisse_Enregistreuse\Front\src\app\demo\pages\authentication\auth-signup\auth-signup.component.scss", "SCSS", 0, 0, 0, 0, 0, 0, 0, 1, 1
"c:\Users\aymen\Documents\PFE\PFE_Caisse_Enregistreuse\Front\src\app\demo\pages\authentication\auth-signup\auth-signup.component.ts", "TypeScript", 52, 0, 0, 0, 0, 0, 0, 17, 69
"c:\Users\aymen\Documents\PFE\PFE_Caisse_Enregistreuse\Front\src\app\demo\pages\authentication\authentication-routing.module.ts", "TypeScript", 22, 0, 0, 0, 0, 0, 0, 3, 25
"c:\Users\aymen\Documents\PFE\PFE_Caisse_Enregistreuse\Front\src\app\demo\pages\authentication\authentication.module.ts", "TypeScript", 8, 0, 0, 0, 0, 0, 0, 3, 11
"c:\Users\aymen\Documents\PFE\PFE_Caisse_Enregistreuse\Front\src\app\demo\pages\authentication\forgot-password\forgot-password.component.html", "HTML", 0, 0, 35, 0, 0, 0, 1, 5, 41
"c:\Users\aymen\Documents\PFE\PFE_Caisse_Enregistreuse\Front\src\app\demo\pages\authentication\forgot-password\forgot-password.component.scss", "SCSS", 0, 0, 0, 0, 0, 0, 0, 1, 1
"c:\Users\aymen\Documents\PFE\PFE_Caisse_Enregistreuse\Front\src\app\demo\pages\authentication\forgot-password\forgot-password.component.spec.ts", "TypeScript", 18, 0, 0, 0, 0, 0, 0, 6, 24
"c:\Users\aymen\Documents\PFE\PFE_Caisse_Enregistreuse\Front\src\app\demo\pages\authentication\forgot-password\forgot-password.component.ts", "TypeScript", 16, 0, 0, 0, 0, 0, 0, 6, 22
"c:\Users\aymen\Documents\PFE\PFE_Caisse_Enregistreuse\Front\src\app\demo\pages\form-elements\basic-elements\basic-elements.component.html", "HTML", 0, 0, 1316, 0, 0, 0, 0, 8, 1324
"c:\Users\aymen\Documents\PFE\PFE_Caisse_Enregistreuse\Front\src\app\demo\pages\form-elements\basic-elements\basic-elements.component.scss", "SCSS", 0, 0, 0, 0, 0, 0, 0, 1, 1
"c:\Users\aymen\Documents\PFE\PFE_Caisse_Enregistreuse\Front\src\app\demo\pages\form-elements\basic-elements\basic-elements.component.ts", "TypeScript", 11, 0, 0, 0, 0, 0, 0, 2, 13
"c:\Users\aymen\Documents\PFE\PFE_Caisse_Enregistreuse\Front\src\app\demo\pages\form-elements\form-elements-routing.module.ts", "TypeScript", 19, 0, 0, 0, 0, 0, 0, 3, 22
"c:\Users\aymen\Documents\PFE\PFE_Caisse_Enregistreuse\Front\src\app\demo\pages\form-elements\form-elements.module.ts", "TypeScript", 8, 0, 0, 0, 0, 0, 0, 3, 11
"c:\Users\aymen\Documents\PFE\PFE_Caisse_Enregistreuse\Front\src\app\demo\pages\notactive\notactive.component.html", "HTML", 0, 0, 1, 0, 0, 0, 0, 1, 2
"c:\Users\aymen\Documents\PFE\PFE_Caisse_Enregistreuse\Front\src\app\demo\pages\notactive\notactive.component.scss", "SCSS", 0, 0, 0, 0, 0, 0, 0, 1, 1
"c:\Users\aymen\Documents\PFE\PFE_Caisse_Enregistreuse\Front\src\app\demo\pages\notactive\notactive.component.spec.ts", "TypeScript", 18, 0, 0, 0, 0, 0, 0, 6, 24
"c:\Users\aymen\Documents\PFE\PFE_Caisse_Enregistreuse\Front\src\app\demo\pages\notactive\notactive.component.ts", "TypeScript", 10, 0, 0, 0, 0, 0, 0, 3, 13
"c:\Users\aymen\Documents\PFE\PFE_Caisse_Enregistreuse\Front\src\app\demo\pages\tables\tables-routing.module.ts", "TypeScript", 18, 0, 0, 0, 0, 0, 0, 3, 21
"c:\Users\aymen\Documents\PFE\PFE_Caisse_Enregistreuse\Front\src\app\demo\pages\tables\tables.module.ts", "TypeScript", 8, 0, 0, 0, 0, 0, 0, 3, 11
"c:\Users\aymen\Documents\PFE\PFE_Caisse_Enregistreuse\Front\src\app\demo\pages\tables\tbl-bootstrap\tbl-bootstrap.component.html", "HTML", 0, 0, 522, 0, 0, 0, 0, 1, 523
"c:\Users\aymen\Documents\PFE\PFE_Caisse_Enregistreuse\Front\src\app\demo\pages\tables\tbl-bootstrap\tbl-bootstrap.component.scss", "SCSS", 0, 0, 0, 0, 0, 0, 0, 1, 1
"c:\Users\aymen\Documents\PFE\PFE_Caisse_Enregistreuse\Front\src\app\demo\pages\tables\tbl-bootstrap\tbl-bootstrap.component.ts", "TypeScript", 10, 0, 0, 0, 0, 0, 0, 2, 12
"c:\Users\aymen\Documents\PFE\PFE_Caisse_Enregistreuse\Front\src\app\demo\ui-elements\ui-basic\basic-badge\basic-badge.component.html", "HTML", 0, 0, 70, 0, 0, 0, 0, 1, 71
"c:\Users\aymen\Documents\PFE\PFE_Caisse_Enregistreuse\Front\src\app\demo\ui-elements\ui-basic\basic-badge\basic-badge.component.scss", "SCSS", 0, 0, 0, 0, 0, 0, 0, 1, 1
"c:\Users\aymen\Documents\PFE\PFE_Caisse_Enregistreuse\Front\src\app\demo\ui-elements\ui-basic\basic-badge\basic-badge.component.ts", "TypeScript", 10, 0, 0, 0, 0, 0, 0, 2, 12
"c:\Users\aymen\Documents\PFE\PFE_Caisse_Enregistreuse\Front\src\app\demo\ui-elements\ui-basic\basic-button\basic-button.component.html", "HTML", 0, 0, 1376, 0, 0, 0, 4, 1, 1381
"c:\Users\aymen\Documents\PFE\PFE_Caisse_Enregistreuse\Front\src\app\demo\ui-elements\ui-basic\basic-button\basic-button.component.scss", "SCSS", 0, 0, 0, 0, 0, 0, 0, 1, 1
"c:\Users\aymen\Documents\PFE\PFE_Caisse_Enregistreuse\Front\src\app\demo\ui-elements\ui-basic\basic-button\basic-button.component.ts", "TypeScript", 10, 0, 0, 0, 0, 0, 0, 2, 12
"c:\Users\aymen\Documents\PFE\PFE_Caisse_Enregistreuse\Front\src\app\demo\ui-elements\ui-basic\basic-collapse\basic-collapse.component.html", "HTML", 0, 0, 203, 0, 0, 0, 6, 5, 214
"c:\Users\aymen\Documents\PFE\PFE_Caisse_Enregistreuse\Front\src\app\demo\ui-elements\ui-basic\basic-collapse\basic-collapse.component.scss", "SCSS", 0, 0, 0, 0, 0, 0, 0, 1, 1
"c:\Users\aymen\Documents\PFE\PFE_Caisse_Enregistreuse\Front\src\app\demo\ui-elements\ui-basic\basic-collapse\basic-collapse.component.ts", "TypeScript", 16, 0, 0, 0, 0, 0, 3, 3, 22
"c:\Users\aymen\Documents\PFE\PFE_Caisse_Enregistreuse\Front\src\app\demo\ui-elements\ui-basic\basic-tabs-pills\basic-tabs-pills.component.html", "HTML", 0, 0, 236, 0, 0, 0, 1, 1, 238
"c:\Users\aymen\Documents\PFE\PFE_Caisse_Enregistreuse\Front\src\app\demo\ui-elements\ui-basic\basic-tabs-pills\basic-tabs-pills.component.scss", "SCSS", 0, 0, 0, 0, 0, 0, 0, 1, 1
"c:\Users\aymen\Documents\PFE\PFE_Caisse_Enregistreuse\Front\src\app\demo\ui-elements\ui-basic\basic-tabs-pills\basic-tabs-pills.component.ts", "TypeScript", 10, 0, 0, 0, 0, 0, 0, 2, 12
"c:\Users\aymen\Documents\PFE\PFE_Caisse_Enregistreuse\Front\src\app\demo\ui-elements\ui-basic\basic-typography\basic-typography.component.html", "HTML", 0, 0, 222, 0, 0, 0, 0, 4, 226
"c:\Users\aymen\Documents\PFE\PFE_Caisse_Enregistreuse\Front\src\app\demo\ui-elements\ui-basic\basic-typography\basic-typography.component.scss", "SCSS", 0, 0, 0, 0, 0, 0, 0, 1, 1
"c:\Users\aymen\Documents\PFE\PFE_Caisse_Enregistreuse\Front\src\app\demo\ui-elements\ui-basic\basic-typography\basic-typography.component.ts", "TypeScript", 10, 0, 0, 0, 0, 0, 0, 2, 12
"c:\Users\aymen\Documents\PFE\PFE_Caisse_Enregistreuse\Front\src\app\demo\ui-elements\ui-basic\breadcrumb-paging\breadcrumb-paging.component.html", "HTML", 0, 0, 307, 0, 0, 0, 2, 1, 310
"c:\Users\aymen\Documents\PFE\PFE_Caisse_Enregistreuse\Front\src\app\demo\ui-elements\ui-basic\breadcrumb-paging\breadcrumb-paging.component.scss", "SCSS", 0, 0, 0, 0, 4, 0, 0, 1, 5
"c:\Users\aymen\Documents\PFE\PFE_Caisse_Enregistreuse\Front\src\app\demo\ui-elements\ui-basic\breadcrumb-paging\breadcrumb-paging.component.ts", "TypeScript", 9, 0, 0, 0, 0, 0, 0, 2, 11
"c:\Users\aymen\Documents\PFE\PFE_Caisse_Enregistreuse\Front\src\app\demo\ui-elements\ui-basic\ui-basic-routing.module.ts", "TypeScript", 42, 0, 0, 0, 0, 0, 0, 3, 45
"c:\Users\aymen\Documents\PFE\PFE_Caisse_Enregistreuse\Front\src\app\demo\ui-elements\ui-basic\ui-basic.module.ts", "TypeScript", 8, 0, 0, 0, 0, 0, 0, 3, 11
"c:\Users\aymen\Documents\PFE\PFE_Caisse_Enregistreuse\Front\src\app\guard\auth.guard.ts", "TypeScript", 39, 0, 0, 0, 0, 0, 10, 11, 60
"c:\Users\aymen\Documents\PFE\PFE_Caisse_Enregistreuse\Front\src\app\guard\sign-in.guard.ts", "TypeScript", 12, 0, 0, 0, 0, 0, 1, 4, 17
"c:\Users\aymen\Documents\PFE\PFE_Caisse_Enregistreuse\Front\src\app\guard\tokenService.ts", "TypeScript", 14, 0, 0, 0, 0, 0, 0, 5, 19
"c:\Users\aymen\Documents\PFE\PFE_Caisse_Enregistreuse\Front\src\app\init\keycloak-init.factory.ts", "TypeScript", 17, 0, 0, 0, 0, 0, 0, 1, 18
"c:\Users\aymen\Documents\PFE\PFE_Caisse_Enregistreuse\Front\src\app\theme\layout\admin\admin.component.html", "HTML", 0, 0, 27, 0, 0, 0, 2, 1, 30
"c:\Users\aymen\Documents\PFE\PFE_Caisse_Enregistreuse\Front\src\app\theme\layout\admin\admin.component.scss", "SCSS", 0, 0, 0, 0, 0, 0, 0, 1, 1
"c:\Users\aymen\Documents\PFE\PFE_Caisse_Enregistreuse\Front\src\app\theme\layout\admin\admin.component.ts", "TypeScript", 38, 0, 0, 0, 0, 0, 2, 6, 46
"c:\Users\aymen\Documents\PFE\PFE_Caisse_Enregistreuse\Front\src\app\theme\layout\admin\configuration\configuration.component.html", "HTML", 0, 0, 0, 0, 0, 0, 0, 2, 2
"c:\Users\aymen\Documents\PFE\PFE_Caisse_Enregistreuse\Front\src\app\theme\layout\admin\configuration\configuration.component.scss", "SCSS", 0, 0, 0, 0, 0, 0, 0, 1, 1
"c:\Users\aymen\Documents\PFE\PFE_Caisse_Enregistreuse\Front\src\app\theme\layout\admin\configuration\configuration.component.ts", "TypeScript", 7, 0, 0, 0, 0, 0, 0, 2, 9
"c:\Users\aymen\Documents\PFE\PFE_Caisse_Enregistreuse\Front\src\app\theme\layout\admin\nav-bar\nav-bar.component.html", "HTML", 0, 0, 31, 0, 0, 0, 0, 1, 32
"c:\Users\aymen\Documents\PFE\PFE_Caisse_Enregistreuse\Front\src\app\theme\layout\admin\nav-bar\nav-bar.component.scss", "SCSS", 0, 0, 0, 0, 0, 0, 0, 1, 1
"c:\Users\aymen\Documents\PFE\PFE_Caisse_Enregistreuse\Front\src\app\theme\layout\admin\nav-bar\nav-bar.component.ts", "TypeScript", 18, 0, 0, 0, 0, 0, 3, 3, 24
"c:\Users\aymen\Documents\PFE\PFE_Caisse_Enregistreuse\Front\src\app\theme\layout\admin\nav-bar\nav-left\nav-left.component.html", "HTML", 0, 0, 0, 0, 0, 0, 11, 1, 12
"c:\Users\aymen\Documents\PFE\PFE_Caisse_Enregistreuse\Front\src\app\theme\layout\admin\nav-bar\nav-left\nav-left.component.scss", "SCSS", 0, 0, 0, 0, 0, 0, 0, 1, 1
"c:\Users\aymen\Documents\PFE\PFE_Caisse_Enregistreuse\Front\src\app\theme\layout\admin\nav-bar\nav-left\nav-left.component.ts", "TypeScript", 7, 0, 0, 0, 0, 0, 1, 2, 10
"c:\Users\aymen\Documents\PFE\PFE_Caisse_Enregistreuse\Front\src\app\theme\layout\admin\nav-bar\nav-left\nav-search\nav-search.component.html", "HTML", 0, 0, 0, 0, 0, 0, 24, 1, 25
"c:\Users\aymen\Documents\PFE\PFE_Caisse_Enregistreuse\Front\src\app\theme\layout\admin\nav-bar\nav-left\nav-search\nav-search.component.scss", "SCSS", 0, 0, 0, 0, 0, 0, 0, 1, 1
"c:\Users\aymen\Documents\PFE\PFE_Caisse_Enregistreuse\Front\src\app\theme\layout\admin\nav-bar\nav-left\nav-search\nav-search.component.ts", "TypeScript", 34, 0, 0, 0, 0, 0, 3, 5, 42
"c:\Users\aymen\Documents\PFE\PFE_Caisse_Enregistreuse\Front\src\app\theme\layout\admin\nav-bar\nav-right\nav-right.component.html", "HTML", 0, 0, 59, 0, 0, 0, 11, 12, 82
"c:\Users\aymen\Documents\PFE\PFE_Caisse_Enregistreuse\Front\src\app\theme\layout\admin\nav-bar\nav-right\nav-right.component.scss", "SCSS", 0, 0, 0, 0, 0, 0, 0, 1, 1
"c:\Users\aymen\Documents\PFE\PFE_Caisse_Enregistreuse\Front\src\app\theme\layout\admin\nav-bar\nav-right\nav-right.component.ts", "TypeScript", 152, 0, 0, 0, 0, 0, 6, 65, 223
"c:\Users\aymen\Documents\PFE\PFE_Caisse_Enregistreuse\Front\src\app\theme\layout\admin\navigation\nav-content\nav-collapse\nav-collapse.component.html", "HTML", 0, 0, 34, 0, 0, 0, 0, 1, 35
"c:\Users\aymen\Documents\PFE\PFE_Caisse_Enregistreuse\Front\src\app\theme\layout\admin\navigation\nav-content\nav-collapse\nav-collapse.component.scss", "SCSS", 0, 0, 0, 0, 0, 0, 0, 1, 1
"c:\Users\aymen\Documents\PFE\PFE_Caisse_Enregistreuse\Front\src\app\theme\layout\admin\navigation\nav-content\nav-collapse\nav-collapse.component.ts", "TypeScript", 48, 0, 0, 0, 0, 0, 4, 5, 57
"c:\Users\aymen\Documents\PFE\PFE_Caisse_Enregistreuse\Front\src\app\theme\layout\admin\navigation\nav-content\nav-content.component.html", "HTML", 0, 0, 25, 0, 0, 0, 4, 3, 32
"c:\Users\aymen\Documents\PFE\PFE_Caisse_Enregistreuse\Front\src\app\theme\layout\admin\navigation\nav-content\nav-content.component.scss", "SCSS", 0, 0, 0, 0, 0, 0, 0, 1, 1
"c:\Users\aymen\Documents\PFE\PFE_Caisse_Enregistreuse\Front\src\app\theme\layout\admin\navigation\nav-content\nav-content.component.ts", "TypeScript", 90, 0, 0, 0, 0, 0, 10, 20, 120
"c:\Users\aymen\Documents\PFE\PFE_Caisse_Enregistreuse\Front\src\app\theme\layout\admin\navigation\nav-content\nav-group\nav-group.component.html", "HTML", 0, 0, 16, 0, 0, 0, 0, 1, 17
"c:\Users\aymen\Documents\PFE\PFE_Caisse_Enregistreuse\Front\src\app\theme\layout\admin\navigation\nav-content\nav-group\nav-group.component.scss", "SCSS", 0, 0, 0, 0, 0, 0, 0, 1, 1
"c:\Users\aymen\Documents\PFE\PFE_Caisse_Enregistreuse\Front\src\app\theme\layout\admin\navigation\nav-content\nav-group\nav-group.component.ts", "TypeScript", 35, 0, 0, 0, 0, 0, 5, 5, 45
"c:\Users\aymen\Documents\PFE\PFE_Caisse_Enregistreuse\Front\src\app\theme\layout\admin\navigation\nav-content\nav-item\nav-item.component.html", "HTML", 0, 0, 39, 0, 0, 0, 0, 3, 42
"c:\Users\aymen\Documents\PFE\PFE_Caisse_Enregistreuse\Front\src\app\theme\layout\admin\navigation\nav-content\nav-item\nav-item.component.scss", "SCSS", 0, 0, 0, 0, 0, 0, 0, 1, 1
"c:\Users\aymen\Documents\PFE\PFE_Caisse_Enregistreuse\Front\src\app\theme\layout\admin\navigation\nav-content\nav-item\nav-item.component.ts", "TypeScript", 42, 0, 0, 0, 0, 0, 4, 4, 50
"c:\Users\aymen\Documents\PFE\PFE_Caisse_Enregistreuse\Front\src\app\theme\layout\admin\navigation\nav-logo\nav-logo.component.html", "HTML", 0, 0, 16, 0, 0, 0, 0, 1, 17
"c:\Users\aymen\Documents\PFE\PFE_Caisse_Enregistreuse\Front\src\app\theme\layout\admin\navigation\nav-logo\nav-logo.component.scss", "SCSS", 0, 0, 0, 0, 0, 0, 0, 1, 1
"c:\Users\aymen\Documents\PFE\PFE_Caisse_Enregistreuse\Front\src\app\theme\layout\admin\navigation\nav-logo\nav-logo.component.ts", "TypeScript", 17, 0, 0, 0, 0, 0, 3, 3, 23
"c:\Users\aymen\Documents\PFE\PFE_Caisse_Enregistreuse\Front\src\app\theme\layout\admin\navigation\navigation.component.html", "HTML", 0, 0, 13, 0, 0, 0, 0, 11, 24
"c:\Users\aymen\Documents\PFE\PFE_Caisse_Enregistreuse\Front\src\app\theme\layout\admin\navigation\navigation.component.scss", "SCSS", 0, 0, 0, 0, 0, 0, 0, 1, 1
"c:\Users\aymen\Documents\PFE\PFE_Caisse_Enregistreuse\Front\src\app\theme\layout\admin\navigation\navigation.component.ts", "TypeScript", 29, 0, 0, 0, 0, 0, 5, 6, 40
"c:\Users\aymen\Documents\PFE\PFE_Caisse_Enregistreuse\Front\src\app\theme\layout\admin\navigation\navigation.ts", "TypeScript", 275, 0, 0, 0, 0, 0, 16, 21, 312
"c:\Users\aymen\Documents\PFE\PFE_Caisse_Enregistreuse\Front\src\app\theme\layout\guest\guest.component.html", "HTML", 0, 0, 1, 0, 0, 0, 0, 1, 2
"c:\Users\aymen\Documents\PFE\PFE_Caisse_Enregistreuse\Front\src\app\theme\layout\guest\guest.component.scss", "SCSS", 0, 0, 0, 0, 0, 0, 0, 1, 1
"c:\Users\aymen\Documents\PFE\PFE_Caisse_Enregistreuse\Front\src\app\theme\layout\guest\guest.component.ts", "TypeScript", 7, 0, 0, 0, 0, 0, 1, 2, 10
"c:\Users\aymen\Documents\PFE\PFE_Caisse_Enregistreuse\Front\src\app\theme\shared\components\breadcrumbs\breadcrumbs.component.html", "HTML", 0, 0, 31, 0, 0, 0, 0, 2, 33
"c:\Users\aymen\Documents\PFE\PFE_Caisse_Enregistreuse\Front\src\app\theme\shared\components\breadcrumbs\breadcrumbs.component.scss", "SCSS", 0, 0, 0, 0, 0, 0, 0, 1, 1
"c:\Users\aymen\Documents\PFE\PFE_Caisse_Enregistreuse\Front\src\app\theme\shared\components\breadcrumbs\breadcrumbs.component.ts", "TypeScript", 93, 0, 0, 0, 0, 0, 2, 7, 102
"c:\Users\aymen\Documents\PFE\PFE_Caisse_Enregistreuse\Front\src\app\theme\shared\components\card\card.component.html", "HTML", 0, 0, 92, 0, 0, 0, 0, 1, 93
"c:\Users\aymen\Documents\PFE\PFE_Caisse_Enregistreuse\Front\src\app\theme\shared\components\card\card.component.scss", "SCSS", 0, 0, 0, 0, 0, 0, 0, 1, 1
"c:\Users\aymen\Documents\PFE\PFE_Caisse_Enregistreuse\Front\src\app\theme\shared\components\card\card.component.ts", "TypeScript", 122, 0, 0, 0, 0, 0, 6, 16, 144
"c:\Users\aymen\Documents\PFE\PFE_Caisse_Enregistreuse\Front\src\app\theme\shared\components\full-screen\toggle-full-screen.ts", "TypeScript", 30, 0, 0, 0, 0, 0, 4, 6, 40
"c:\Users\aymen\Documents\PFE\PFE_Caisse_Enregistreuse\Front\src\app\theme\shared\components\spinner\spinkit-css\sk-line-material.scss", "SCSS", 0, 0, 0, 0, 58, 0, 0, 7, 65
"c:\Users\aymen\Documents\PFE\PFE_Caisse_Enregistreuse\Front\src\app\theme\shared\components\spinner\spinkits.ts", "TypeScript", 11, 0, 0, 0, 0, 0, 0, 1, 12
"c:\Users\aymen\Documents\PFE\PFE_Caisse_Enregistreuse\Front\src\app\theme\shared\components\spinner\spinner.component.html", "HTML", 0, 0, 14, 0, 0, 0, 0, 1, 15
"c:\Users\aymen\Documents\PFE\PFE_Caisse_Enregistreuse\Front\src\app\theme\shared\components\spinner\spinner.component.scss", "SCSS", 0, 0, 0, 0, 20, 0, 0, 3, 23
"c:\Users\aymen\Documents\PFE\PFE_Caisse_Enregistreuse\Front\src\app\theme\shared\components\spinner\spinner.component.ts", "TypeScript", 55, 0, 0, 0, 0, 0, 0, 3, 58
"c:\Users\aymen\Documents\PFE\PFE_Caisse_Enregistreuse\Front\src\app\theme\shared\shared.module.ts", "TypeScript", 37, 0, 0, 0, 0, 0, 4, 9, 50
"c:\Users\aymen\Documents\PFE\PFE_Caisse_Enregistreuse\Front\src\assets\charts\amchart\amcharts.js", "JavaScript", 0, 0, 0, 11386, 0, 0, 0, 1, 11387
"c:\Users\aymen\Documents\PFE\PFE_Caisse_Enregistreuse\Front\src\assets\charts\amchart\ammap.min.js", "JavaScript", 0, 0, 0, 8916, 0, 0, 0, 1, 8917
"c:\Users\aymen\Documents\PFE\PFE_Caisse_Enregistreuse\Front\src\assets\charts\amchart\gauge.js", "JavaScript", 0, 0, 0, 677, 0, 0, 0, 1, 678
"c:\Users\aymen\Documents\PFE\PFE_Caisse_Enregistreuse\Front\src\assets\charts\amchart\images\dragIconRoundBig.svg", "XML", 0, 0, 0, 0, 0, 13, 0, 3, 16
"c:\Users\aymen\Documents\PFE\PFE_Caisse_Enregistreuse\Front\src\assets\charts\amchart\images\lens.svg", "XML", 0, 0, 0, 0, 0, 7, 0, 0, 7
"c:\Users\aymen\Documents\PFE\PFE_Caisse_Enregistreuse\Front\src\assets\charts\amchart\light.js", "JavaScript", 0, 0, 0, 171, 0, 0, 0, 1, 172
"c:\Users\aymen\Documents\PFE\PFE_Caisse_Enregistreuse\Front\src\assets\charts\amchart\pie.min.js", "JavaScript", 0, 0, 0, 808, 0, 0, 0, 1, 809
"c:\Users\aymen\Documents\PFE\PFE_Caisse_Enregistreuse\Front\src\assets\charts\amchart\radar.js", "JavaScript", 0, 0, 0, 340, 0, 0, 0, 1, 341
"c:\Users\aymen\Documents\PFE\PFE_Caisse_Enregistreuse\Front\src\assets\charts\amchart\serial.js", "JavaScript", 0, 0, 0, 2700, 0, 0, 0, 1, 2701
"c:\Users\aymen\Documents\PFE\PFE_Caisse_Enregistreuse\Front\src\assets\charts\amchart\usaLow.js", "JavaScript", 0, 0, 0, 263, 0, 0, 0, 1, 264
"c:\Users\aymen\Documents\PFE\PFE_Caisse_Enregistreuse\Front\src\assets\charts\amchart\worldLow.js", "JavaScript", 0, 0, 0, 897, 0, 0, 0, 1, 898
"c:\Users\aymen\Documents\PFE\PFE_Caisse_Enregistreuse\Front\src\assets\icon\icofont\css\icofont.scss", "SCSS", 0, 0, 0, 0, 6400, 0, 12, 2125, 8537
"c:\Users\aymen\Documents\PFE\PFE_Caisse_Enregistreuse\Front\src\assets\icon\icofont\fonts\icofont.svg", "XML", 0, 0, 0, 0, 0, 2116, 0, 1, 2117
"c:\Users\aymen\Documents\PFE\PFE_Caisse_Enregistreuse\Front\src\environments\environment.prod.ts", "TypeScript", 5, 0, 0, 0, 0, 0, 0, 2, 7
"c:\Users\aymen\Documents\PFE\PFE_Caisse_Enregistreuse\Front\src\environments\environment.ts", "TypeScript", 4, 0, 0, 0, 0, 0, 12, 3, 19
"c:\Users\aymen\Documents\PFE\PFE_Caisse_Enregistreuse\Front\src\fake-data\map-color-data.json", "JSON", 0, 86, 0, 0, 0, 0, 0, 1, 87
"c:\Users\aymen\Documents\PFE\PFE_Caisse_Enregistreuse\Front\src\fake-data\map_data.js", "JavaScript", 0, 0, 0, 58, 0, 0, 0, 2, 60
"c:\Users\aymen\Documents\PFE\PFE_Caisse_Enregistreuse\Front\src\index.html", "HTML", 0, 0, 26, 0, 0, 0, 8, 7, 41
"c:\Users\aymen\Documents\PFE\PFE_Caisse_Enregistreuse\Front\src\main.ts", "TypeScript", 12, 0, 0, 0, 0, 0, 2, 4, 18
"c:\Users\aymen\Documents\PFE\PFE_Caisse_Enregistreuse\Front\src\polyfills.ts", "TypeScript", 3, 0, 0, 0, 0, 0, 48, 6, 57
"c:\Users\aymen\Documents\PFE\PFE_Caisse_Enregistreuse\Front\src\scss\_custom.scss", "SCSS", 0, 0, 0, 0, 56, 0, 0, 11, 67
"c:\Users\aymen\Documents\PFE\PFE_Caisse_Enregistreuse\Front\src\scss\_general.scss", "SCSS", 0, 0, 0, 0, 720, 0, 53, 132, 905
"c:\Users\aymen\Documents\PFE\PFE_Caisse_Enregistreuse\Front\src\scss\_generic.scss", "SCSS", 0, 0, 0, 0, 67, 0, 13, 10, 90
"c:\Users\aymen\Documents\PFE\PFE_Caisse_Enregistreuse\Front\src\scss\_variables.scss", "SCSS", 0, 0, 0, 0, 80, 0, 13, 13, 106
"c:\Users\aymen\Documents\PFE\PFE_Caisse_Enregistreuse\Front\src\scss\fonts\feather\fonts\feather.svg", "XML", 0, 0, 0, 0, 0, 265, 3, 492, 760
"c:\Users\aymen\Documents\PFE\PFE_Caisse_Enregistreuse\Front\src\scss\fonts\feather\iconfont.scss", "SCSS", 0, 0, 0, 0, 746, 0, 4, 244, 994
"c:\Users\aymen\Documents\PFE\PFE_Caisse_Enregistreuse\Front\src\scss\fonts\fontawesome\scss\_animated.scss", "SCSS", 0, 0, 0, 0, 14, 0, 2, 5, 21
"c:\Users\aymen\Documents\PFE\PFE_Caisse_Enregistreuse\Front\src\scss\fonts\fontawesome\scss\_bordered-pulled.scss", "SCSS", 0, 0, 0, 0, 23, 0, 2, 4, 29
"c:\Users\aymen\Documents\PFE\PFE_Caisse_Enregistreuse\Front\src\scss\fonts\fontawesome\scss\_core.scss", "SCSS", 0, 0, 0, 0, 16, 0, 2, 3, 21
"c:\Users\aymen\Documents\PFE\PFE_Caisse_Enregistreuse\Front\src\scss\fonts\fontawesome\scss\_fixed-width.scss", "SCSS", 0, 0, 0, 0, 5, 0, 2, 2, 9
"c:\Users\aymen\Documents\PFE\PFE_Caisse_Enregistreuse\Front\src\scss\fonts\fontawesome\scss\_icons.scss", "SCSS", 0, 0, 0, 0, 3573, 0, 2, 2, 3577
"c:\Users\aymen\Documents\PFE\PFE_Caisse_Enregistreuse\Front\src\scss\fonts\fontawesome\scss\_larger.scss", "SCSS", 0, 0, 0, 0, 17, 0, 3, 6, 26
"c:\Users\aymen\Documents\PFE\PFE_Caisse_Enregistreuse\Front\src\scss\fonts\fontawesome\scss\_list.scss", "SCSS", 0, 0, 0, 0, 15, 0, 2, 4, 21
"c:\Users\aymen\Documents\PFE\PFE_Caisse_Enregistreuse\Front\src\scss\fonts\fontawesome\scss\_mixins.scss", "SCSS", 0, 0, 0, 0, 39, 0, 10, 8, 57
"c:\Users\aymen\Documents\PFE\PFE_Caisse_Enregistreuse\Front\src\scss\fonts\fontawesome\scss\_rotated-flipped.scss", "SCSS", 0, 0, 0, 0, 27, 0, 4, 5, 36
"c:\Users\aymen\Documents\PFE\PFE_Caisse_Enregistreuse\Front\src\scss\fonts\fontawesome\scss\_screen-reader.scss", "SCSS", 0, 0, 0, 0, 6, 0, 2, 2, 10
"c:\Users\aymen\Documents\PFE\PFE_Caisse_Enregistreuse\Front\src\scss\fonts\fontawesome\scss\_shims.scss", "SCSS", 0, 0, 0, 0, 2167, 0, 0, 461, 2628
"c:\Users\aymen\Documents\PFE\PFE_Caisse_Enregistreuse\Front\src\scss\fonts\fontawesome\scss\_stacked.scss", "SCSS", 0, 0, 0, 0, 24, 0, 2, 6, 32
"c:\Users\aymen\Documents\PFE\PFE_Caisse_Enregistreuse\Front\src\scss\fonts\fontawesome\scss\_variables.scss", "SCSS", 0, 0, 0, 0, 1201, 0, 3, 4, 1208
"c:\Users\aymen\Documents\PFE\PFE_Caisse_Enregistreuse\Front\src\scss\fonts\fontawesome\scss\brands.scss", "SCSS", 0, 0, 0, 0, 16, 0, 4, 3, 23
"c:\Users\aymen\Documents\PFE\PFE_Caisse_Enregistreuse\Front\src\scss\fonts\fontawesome\scss\fontawesome.scss", "SCSS", 0, 0, 0, 0, 15, 0, 4, 2, 21
"c:\Users\aymen\Documents\PFE\PFE_Caisse_Enregistreuse\Front\src\scss\fonts\fontawesome\scss\regular.scss", "SCSS", 0, 0, 0, 0, 18, 0, 4, 3, 25
"c:\Users\aymen\Documents\PFE\PFE_Caisse_Enregistreuse\Front\src\scss\fonts\fontawesome\scss\solid.scss", "SCSS", 0, 0, 0, 0, 18, 0, 4, 3, 25
"c:\Users\aymen\Documents\PFE\PFE_Caisse_Enregistreuse\Front\src\scss\fonts\fontawesome\scss\v4-shims.scss", "SCSS", 0, 0, 0, 0, 2, 0, 4, 1, 7
"c:\Users\aymen\Documents\PFE\PFE_Caisse_Enregistreuse\Front\src\scss\fonts\fontawesome\webfonts\fa-brands-400.svg", "XML", 0, 0, 0, 0, 0, 1154, 0, 1, 1155
"c:\Users\aymen\Documents\PFE\PFE_Caisse_Enregistreuse\Front\src\scss\fonts\fontawesome\webfonts\fa-regular-400.svg", "XML", 0, 0, 0, 0, 0, 467, 0, 1, 468
"c:\Users\aymen\Documents\PFE\PFE_Caisse_Enregistreuse\Front\src\scss\fonts\fontawesome\webfonts\fa-solid-900.svg", "XML", 0, 0, 0, 0, 0, 2444, 0, 1, 2445
"c:\Users\aymen\Documents\PFE\PFE_Caisse_Enregistreuse\Front\src\scss\menu\_menu-lite.scss", "SCSS", 0, 0, 0, 0, 1246, 0, 21, 210, 1477
"c:\Users\aymen\Documents\PFE\PFE_Caisse_Enregistreuse\Front\src\scss\mixins\_buttons.scss", "SCSS", 0, 0, 0, 0, 172, 0, 4, 20, 196
"c:\Users\aymen\Documents\PFE\PFE_Caisse_Enregistreuse\Front\src\scss\mixins\_function.scss", "SCSS", 0, 0, 0, 0, 20, 0, 0, 1, 21
"c:\Users\aymen\Documents\PFE\PFE_Caisse_Enregistreuse\Front\src\scss\plugins\_angular-morris-js.scss", "SCSS", 0, 0, 0, 0, 22, 0, 0, 1, 23
"c:\Users\aymen\Documents\PFE\PFE_Caisse_Enregistreuse\Front\src\scss\plugins\_plugins.scss", "SCSS", 0, 0, 0, 0, 1, 0, 0, 1, 2
"c:\Users\aymen\Documents\PFE\PFE_Caisse_Enregistreuse\Front\src\scss\theme-elements\_authentication.scss", "SCSS", 0, 0, 0, 0, 114, 0, 4, 20, 138
"c:\Users\aymen\Documents\PFE\PFE_Caisse_Enregistreuse\Front\src\scss\theme-elements\_badge.scss", "SCSS", 0, 0, 0, 0, 13, 0, 3, 2, 18
"c:\Users\aymen\Documents\PFE\PFE_Caisse_Enregistreuse\Front\src\scss\theme-elements\_breadcrumb-pagination.scss", "SCSS", 0, 0, 0, 0, 19, 0, 6, 6, 31
"c:\Users\aymen\Documents\PFE\PFE_Caisse_Enregistreuse\Front\src\scss\theme-elements\_button.scss", "SCSS", 0, 0, 0, 0, 166, 0, 7, 30, 203
"c:\Users\aymen\Documents\PFE\PFE_Caisse_Enregistreuse\Front\src\scss\theme-elements\_data-tables.scss", "SCSS", 0, 0, 0, 0, 68, 0, 9, 18, 95
"c:\Users\aymen\Documents\PFE\PFE_Caisse_Enregistreuse\Front\src\scss\theme-elements\_form.scss", "SCSS", 0, 0, 0, 0, 85, 0, 7, 21, 113
"c:\Users\aymen\Documents\PFE\PFE_Caisse_Enregistreuse\Front\src\scss\theme-elements\_labels-badges.scss", "SCSS", 0, 0, 0, 0, 14, 0, 4, 3, 21
"c:\Users\aymen\Documents\PFE\PFE_Caisse_Enregistreuse\Front\src\scss\theme-elements\_nav.scss", "SCSS", 0, 0, 0, 0, 75, 0, 13, 16, 104
"c:\Users\aymen\Documents\PFE\PFE_Caisse_Enregistreuse\Front\src\scss\theme-elements\_radiobox-checkbox.scss", "SCSS", 0, 0, 0, 0, 208, 0, 4, 29, 241
"c:\Users\aymen\Documents\PFE\PFE_Caisse_Enregistreuse\Front\src\scss\theme-elements\_theme-elements.scss", "SCSS", 0, 0, 0, 0, 9, 0, 0, 1, 10
"c:\Users\aymen\Documents\PFE\PFE_Caisse_Enregistreuse\Front\src\styles.scss", "SCSS", 0, 0, 0, 0, 28, 0, 8, 23, 59
"c:\Users\aymen\Documents\PFE\PFE_Caisse_Enregistreuse\Front\src\test.ts", "TypeScript", 22, 0, 0, 0, 0, 0, 4, 5, 31
"Total", "-", 8236, 86, 6481, 26216, 18688, 6466, 1038, 7061, 74272